FOLD,LAB_TIMESTAMP,ACTUAL,PRED,ABS_ERROR
1,2026-04-05 00:00:01,0.601,0.6031363535021134,0.002136353502113386
1,2026-04-05 08:00:00,0.596,0.6072413065405511,0.01124130654055111
1,2026-04-05 16:00:00,0.599,0.6091242637342505,0.010124263734250571
1,2026-04-06 00:00:00,0.605,0.6075803332158407,0.0025803332158407244
1,2026-04-06 08:00:07,0.611,0.6123268985659445,0.0013268985659444787
1,2026-04-06 16:00:00,0.609,0.6119696502874541,0.0029696502874541064
1,2026-04-07 00:00:00,0.612,0.6092715418977181,0.002728458102281839
1,2026-04-07 08:00:34,0.591,0.6035758937113764,0.012575893711376462
1,2026-04-07 16:00:00,0.602,0.603660833720896,0.0016608337208959822
1,2026-04-08 00:00:00,0.604,0.5997354869138408,0.004264513086159161
1,2026-04-08 04:00:00,0.599,0.5995516847288321,0.000551684728832158
1,2026-04-08 08:00:00,0.592,0.6047896567904824,0.012789656790482384
1,2026-04-08 16:00:00,0.597,0.6061630713231898,0.00916307132318983
1,2026-04-09 00:00:00,0.601,0.606539626280638,0.005539626280637977
1,2026-04-09 08:00:00,0.621,0.6103018525771032,0.010698147422896764
1,2026-04-09 16:00:07,0.627,0.6139765840293883,0.01302341597061174
1,2026-04-10 00:00:00,0.622,0.6064726814486592,0.015527318551340819
1,2026-04-10 08:00:04,0.597,0.6050247674645771,0.008024767464577143
1,2026-04-10 16:00:00,0.602,0.6079840515032435,0.005984051503243548
1,2026-04-11 00:00:00,0.616,0.6069113821852193,0.009088617814780653
1,2026-04-11 08:00:26,0.611,0.6064623911981316,0.004537608801868376
1,2026-04-11 16:00:00,0.602,0.6065276841468271,0.004527684146827138
1,2026-04-12 00:00:00,0.595,0.6122114596477786,0.017211459647778593
1,2026-04-12 08:00:00,0.619,0.6078157840815571,0.011184215918442875
1,2026-04-12 16:00:00,0.622,0.613018054496087,0.008981945503912958
1,2026-04-13 00:00:01,0.608,0.6076814576029802,0.00031854239701978315
1,2026-04-13 08:00:48,0.609,0.6086092637903645,0.0003907362096354783
1,2026-04-13 16:00:00,0.605,0.6078907827394053,0.002890782739405351
1,2026-04-14 00:00:00,0.615,0.6124993749058922,0.0025006250941077557
1,2026-04-14 08:00:37,0.607,0.6111741525595932,0.004174152559593192
1,2026-04-14 16:00:00,0.609,0.6071553611114847,0.001844638888515271
1,2026-04-15 00:00:00,0.618,0.613388098527371,0.004611901472629021
1,2026-04-15 08:00:27,0.61,0.6128975593975955,0.002897559397595506
1,2026-04-16 00:00:01,0.607,0.6071398796192042,0.00013987961920425285
1,2026-04-16 08:00:43,0.61,0.6059172141173538,0.0040827858826462116
1,2026-04-16 16:00:00,0.618,0.6058368750875907,0.01216312491240934
1,2026-04-17 00:01:00,0.607,0.6105025542239498,0.0035025542239498497
1,2026-04-17 08:00:22,0.615,0.6082972491103064,0.006702750889693632
1,2026-04-17 16:00:00,0.628,0.6096232197311008,0.018376780268899218
1,2026-04-18 00:00:00,0.62,0.6044240573751349,0.015575942624865058
1,2026-04-18 08:00:04,0.61,0.6069307493174353,0.003069250682564695
1,2026-04-18 12:00:24,0.586,0.5996646021561749,0.013664602156174932
1,2026-04-18 16:00:00,0.599,0.607251965891434,0.008251965891434065
1,2026-04-19 00:00:00,0.619,0.6102092070954882,0.00879079290451179
1,2026-04-19 08:00:00,0.606,0.6078732116701394,0.0018732116701394297
1,2026-04-19 16:00:00,0.594,0.6050873320267846,0.01108733202678458
1,2026-04-20 00:00:00,0.596,0.6111872859646861,0.015187285964686104
1,2026-04-20 08:00:59,0.603,0.608696197085274,0.005696197085274024
1,2026-04-20 16:00:00,0.608,0.6058529202547218,0.0021470797452781687
1,2026-04-21 00:00:01,0.609,0.6051841280958655,0.00381587190413446
1,2026-04-21 08:00:01,0.608,0.610937439394674,0.0029374393946740573
1,2026-04-21 16:00:00,0.584,0.6087477957204575,0.02474779572045749
1,2026-04-22 00:00:00,0.592,0.6088379155973793,0.01683791559737935
1,2026-04-22 08:00:35,0.602,0.5997601844491772,0.0022398155508227546
1,2026-04-22 16:00:00,0.606,0.6085333509510388,0.002533350951038793
1,2026-04-23 00:00:00,0.587,0.6103443450944586,0.023344345094458596
1,2026-04-23 08:00:04,0.588,0.6088026959481391,0.020802695948139105
1,2026-04-23 16:00:00,0.588,0.6044234934304347,0.0164234934304347
1,2026-04-24 00:00:01,0.61,0.6059382847163645,0.004061715283635525
1,2026-04-24 08:00:02,0.615,0.6072052972856229,0.0077947027143771
1,2026-04-24 16:00:00,0.601,0.6094915827291079,0.008491582729107883
1,2026-04-25 00:00:10,0.594,0.6098456507053013,0.015845650705301306
1,2026-04-25 08:00:57,0.601,0.6109784455851489,0.009978445585148932
1,2026-04-25 16:00:00,0.597,0.5952397456028949,0.0017602543971050322
1,2026-04-26 00:00:00,0.601,0.6050530904639385,0.004053090463938536
1,2026-04-26 08:00:00,0.586,0.6052036200736644,0.019203620073664385
1,2026-04-26 16:00:00,0.6,0.6094934435936322,0.009493443593632245
1,2026-04-27 00:00:00,0.616,0.6095182762291634,0.006481723770836556
1,2026-04-27 08:00:02,0.613,0.6059837100479118,0.0070162899520881394
1,2026-04-27 16:00:00,0.6,0.6069602863421575,0.006960286342157507
1,2026-04-28 00:01:00,0.592,0.6119291061370549,0.019929106137054897
1,2026-04-28 08:00:05,0.606,0.6088817928421353,0.0028817928421353
1,2026-04-28 16:00:00,0.613,0.6127079376646045,0.000292062335395471
1,2026-04-29 08:00:21,0.604,0.6099905063802165,0.005990506380216476
1,2026-04-29 16:00:00,0.59,0.6080898369874522,0.018089836987452257
1,2026-04-30 00:00:00,0.616,0.6061453401174842,0.00985465988251577
2,2026-04-30 08:00:19,0.595,0.6010748934165576,0.006074893416557647
2,2026-04-30 16:00:00,0.604,0.5967397884678042,0.007260211532195804
2,2026-05-01 00:00:00,0.602,0.6026981234682127,0.0006981234682127413
2,2026-05-01 08:00:00,0.6,0.5996641004184776,0.00033589958152235866
2,2026-05-01 16:00:00,0.599,0.5990815778416674,8.157784166740178e-05
2,2026-05-02 00:00:01,0.608,0.5983508002273427,0.009649199772657324
2,2026-05-02 08:00:06,0.609,0.6019841417574725,0.007015858242527484
2,2026-05-02 16:00:00,0.588,0.6056002156065394,0.01760021560653946
2,2026-05-03 00:01:00,0.593,0.6023541489703967,0.00935414897039677
2,2026-05-03 08:00:00,0.598,0.5953314720759535,0.002668527924046482
2,2026-05-03 10:49:33,0.598,0.6036053625257672,0.005605362525767266
2,2026-05-03 16:00:00,0.596,0.6053055443991386,0.009305544399138665
2,2026-05-04 00:00:00,0.606,0.606848451353758,0.0008484513537579952
2,2026-05-04 08:00:16,0.592,0.5990659444986324,0.007065944498632404
2,2026-05-04 16:00:00,0.597,0.6026464390404661,0.0056464390404661335
2,2026-05-05 00:00:00,0.592,0.596286449271924,0.004286449271924009
2,2026-05-05 08:00:25,0.607,0.6053550122981656,0.0016449877018344106
2,2026-05-05 16:00:00,0.611,0.6083813638311637,0.002618636168836286
2,2026-05-06 00:01:00,0.602,0.5983655446613408,0.003634455338659137
2,2026-05-06 08:00:00,0.611,0.6041576907761722,0.0068423092238277805
2,2026-05-06 16:00:00,0.61,0.6006082009707904,0.009391799029209613
2,2026-05-07 00:00:01,0.61,0.605627528896897,0.004372471103103015
2,2026-05-07 08:00:09,0.616,0.6068114905744392,0.00918850942556082
2,2026-05-07 16:00:00,0.6,0.6015823075029925,0.001582307502992486
2,2026-05-08 00:00:00,0.616,0.6008515749052128,0.015148425094787199
2,2026-05-08 08:00:43,0.611,0.6088411481502002,0.0021588518497998033
2,2026-05-08 16:00:00,0.611,0.6052089502929013,0.00579104970709865
2,2026-05-09 00:00:00,0.61,0.6048943458507894,0.005105654149210603
2,2026-05-09 08:00:41,0.594,0.5951048424270519,0.0011048424270518886
2,2026-05-09 16:00:00,0.614,0.603549204463892,0.010450795536107949
2,2026-05-10 00:00:00,0.592,0.5943040416707996,0.0023040416707996725
2,2026-05-10 08:00:00,0.607,0.5935432863782117,0.013456713621788241
2,2026-05-10 16:00:00,0.59,0.6003561886432298,0.010356188643229847
2,2026-05-11 00:00:00,0.587,0.6104856710433525,0.02348567104335253
2,2026-05-11 08:00:15,0.596,0.604311472339646,0.00831147233964602
2,2026-05-11 16:00:00,0.613,0.6043685623263756,0.008631437673624398
2,2026-05-12 00:00:00,0.611,0.5958043676355134,0.015195632364486622
2,2026-05-12 08:00:28,0.602,0.604607645689757,0.002607645689757021
2,2026-05-12 16:00:00,0.607,0.6014621094500833,0.005537890549916713
2,2026-05-13 00:00:00,0.616,0.6034975001450396,0.012502499854960436
2,2026-05-13 08:00:02,0.598,0.5955309906820055,0.0024690093179944306
2,2026-05-13 16:00:00,0.596,0.603220523350362,0.007220523350362051
2,2026-05-14 00:00:00,0.592,0.6055517720316568,0.013551772031656806
2,2026-05-14 08:00:21,0.588,0.5994698346464005,0.0114698346464005
2,2026-05-14 16:00:00,0.608,0.6027970941967168,0.005202905803283198
2,2026-05-15 00:00:01,0.607,0.6065080939147252,0.0004919060852748292
2,2026-05-15 08:00:00,0.603,0.5977273165645471,0.005272683435452841
2,2026-05-15 16:00:00,0.596,0.6063632195667864,0.01036321956678643
2,2026-05-16 00:00:00,0.602,0.609888550948974,0.007888550948974005
2,2026-05-16 08:00:45,0.602,0.5964061518843297,0.005593848115670319
2,2026-05-16 16:00:00,0.582,0.5997397514350646,0.017739751435064677
2,2026-05-17 00:00:00,0.582,0.5923694306198728,0.010369430619872833
2,2026-05-17 08:00:00,0.595,0.6011746235720915,0.006174623572091531
2,2026-05-17 16:00:00,0.599,0.605442601609137,0.006442601609137011
2,2026-05-18 00:00:01,0.609,0.6012317906633997,0.007768209336600274
2,2026-05-18 08:00:24,0.587,0.6005242790029345,0.013524279002934514
2,2026-05-18 16:00:00,0.59,0.6004176582706301,0.010417658270630126
2,2026-05-19 00:01:00,0.593,0.6047207822743236,0.011720782274323605
2,2026-05-19 08:00:00,0.597,0.6039524674462424,0.00695246744624245
2,2026-05-19 16:00:00,0.599,0.6043855972460233,0.005385597246023277
2,2026-05-20 00:00:00,0.61,0.6009010173989512,0.0090989826010488
2,2026-05-20 08:00:30,0.597,0.6056428587769811,0.008642858776981122
2,2026-05-20 16:00:00,0.606,0.5997516528429537,0.006248347157046252
2,2026-05-21 00:00:00,0.603,0.6046935827175546,0.001693582717554598
2,2026-05-21 08:00:46,0.613,0.6049861224618764,0.008013877538123548
2,2026-05-21 16:00:00,0.613,0.6030945319382746,0.009905468061725431
2,2026-05-22 00:00:00,0.611,0.6006174993932594,0.010382500606740619
2,2026-05-22 08:00:21,0.6,0.6037887388458615,0.0037887388458615057
2,2026-05-22 16:00:00,0.614,0.6043665334463441,0.009633466553655934
2,2026-05-23 00:00:01,0.611,0.5958451430628651,0.01515485693713492
2,2026-05-23 08:00:45,0.604,0.5990528690545518,0.004947130945448186
2,2026-05-23 16:00:00,0.593,0.6020517703597044,0.009051770359704392
2,2026-05-24 00:00:00,0.589,0.6058846035911666,0.016884603591166614
2,2026-05-24 08:00:00,0.606,0.6021662725963837,0.003833727403616316
2,2026-05-24 16:00:00,0.595,0.6038793894827804,0.008879389482780442
2,2026-05-25 00:00:00,0.582,0.5964707857774669,0.014470785777466966
3,2026-05-25 08:00:17,0.603,0.6005861653686199,0.0024138346313801184
3,2026-05-25 16:00:00,0.602,0.598260714541713,0.003739285458286945
3,2026-05-26 00:00:01,0.6,0.5963285753611096,0.0036714246388903637
3,2026-05-26 04:00:00,0.583,0.5960226109784825,0.013022610978482563
3,2026-05-26 08:00:00,0.596,0.594399452171968,0.001600547828031984
3,2026-05-26 16:00:00,0.608,0.5955100118243003,0.012489988175699684
3,2026-05-27 08:00:00,0.585,0.5929375060711223,0.007937506071122313
3,2026-05-27 16:00:00,0.596,0.6022189510757551,0.006218951075755097
3,2026-05-28 00:00:00,0.599,0.5968983573969217,0.002101642603078324
3,2026-05-28 08:00:00,0.591,0.6016363499138048,0.010636349913804799
3,2026-05-28 16:00:00,0.606,0.6012356200431209,0.004764379956879061
3,2026-05-29 00:00:00,0.609,0.5993087933392042,0.009691206660795815
3,2026-05-29 08:00:49,0.612,0.6038220325866064,0.008177967413393605
3,2026-05-29 16:00:00,0.607,0.6030407224226755,0.003959277577324505
3,2026-05-30 00:01:00,0.604,0.6028669372113579,0.001133062788642114
3,2026-05-30 08:00:10,0.612,0.5976286212132192,0.014371378786780742
3,2026-05-30 16:00:00,0.605,0.599753827898668,0.005246172101331936
3,2026-05-31 16:00:00,0.607,0.6081682029776289,0.0011682029776288738
3,2026-06-01 00:00:00,0.61,0.604572675812265,0.00542732418773495
3,2026-06-01 08:00:47,0.615,0.6092101308859464,0.005789869114053547
3,2026-06-01 16:00:00,0.614,0.6086272443766612,0.005372755623338832
3,2026-06-02 00:00:00,0.606,0.6030892157524694,0.002910784247530551
3,2026-06-02 08:00:42,0.595,0.6049328437000229,0.009932843700022898
3,2026-06-02 16:00:00,0.6,0.6088120569012265,0.00881205690122655
3,2026-06-03 00:00:01,0.603,0.6084737660518015,0.0054737660518014986
3,2026-06-03 08:01:13,0.61,0.6075750187436408,0.002424981256359149
3,2026-06-03 16:00:00,0.601,0.6067832608267523,0.00578326082675229
3,2026-06-04 00:00:00,0.597,0.6074257176935759,0.01042571769357592
3,2026-06-04 08:00:48,0.607,0.6083926526358001,0.001392652635800129
3,2026-06-04 16:00:00,0.613,0.605117706772447,0.007882293227552961
3,2026-06-05 00:00:00,0.607,0.6059034796280388,0.0010965203719611738
3,2026-06-05 08:00:56,0.602,0.6044166999469077,0.002416699946907741
3,2026-06-05 16:00:00,0.603,0.6036047841731685,0.0006047841731685599
3,2026-06-06 00:00:00,0.6,0.6005362608087375,0.0005362608087374765
3,2026-06-06 08:00:10,0.613,0.6050248046705752,0.007975195329424811
3,2026-06-06 16:00:00,0.612,0.6085266905681141,0.0034733094318858404
3,2026-06-07 00:01:00,0.601,0.6090670146684978,0.008067014668497796
3,2026-06-07 08:00:00,0.6,0.6123918638628019,0.012391863862801888
3,2026-06-07 16:00:00,0.606,0.6057354992934895,0.0002645007065105176
3,2026-06-08 00:00:01,0.61,0.6050192500899481,0.004980749910051929
3,2026-06-08 08:00:31,0.612,0.6062088925422984,0.005791107457701616
3,2026-06-08 16:00:00,0.625,0.603781013959008,0.02121898604099204
3,2026-06-09 00:00:00,0.62,0.601419337670065,0.01858066232993505
3,2026-06-09 08:00:17,0.612,0.605818789812381,0.0061812101876189685
3,2026-06-09 16:00:00,0.607,0.6011120637919695,0.00588793620803052
3,2026-06-10 00:00:00,0.611,0.60300727868596,0.007992721314039941
3,2026-06-10 08:00:10,0.596,0.6008395773418107,0.00483957734181073
3,2026-06-10 16:00:00,0.606,0.6003673413939208,0.0056326586060791994
3,2026-06-11 00:00:01,0.611,0.5964134383161425,0.014586561683857524
3,2026-06-11 08:00:00,0.619,0.5992572212966404,0.01974277870335961
3,2026-06-11 16:00:00,0.629,0.5994135385366859,0.029586461463314118
3,2026-06-12 00:01:00,0.573,0.5996527030659905,0.026652703065990546
3,2026-06-12 02:00:00,0.607,0.6053995604804218,0.0016004395195782228
3,2026-06-12 04:00:00,0.612,0.6056224152833468,0.006377584716653173
3,2026-06-12 06:00:50,0.619,0.605123140898524,0.013876859101475958
3,2026-06-12 08:00:14,0.631,0.6070198003374163,0.02398019966258369
3,2026-06-12 16:00:00,0.574,0.5969082934949189,0.022908293494918963
3,2026-06-25 10:00:00,0.654,0.607210616215761,0.046789383784239025
3,2026-06-25 12:00:00,0.64,0.6026171127173984,0.03738288728260164
3,2026-06-25 14:00:00,0.62,0.5988721062678605,0.021127893732139524
3,2026-06-25 16:00:00,0.616,0.5977769227795515,0.01822307722044847
3,2026-06-25 18:00:00,0.597,0.6014642976708712,0.004464297670871198
3,2026-06-25 20:00:00,0.616,0.6003435749005721,0.015656425099427884
3,2026-06-26 00:00:00,0.596,0.5991841378154605,0.0031841378154605637
3,2026-06-26 04:00:00,0.598,0.5982774842794083,0.0002774842794083243
3,2026-06-26 08:00:00,0.6,0.5994190322009424,0.0005809677990575857
3,2026-06-26 16:00:00,0.599,0.5923592152220418,0.006640784777958153
3,2026-06-26 20:00:00,0.595,0.5987581222305266,0.003758122230526628
3,2026-06-27 00:00:01,0.605,0.6035761086339266,0.0014238913660733488
3,2026-06-27 04:00:00,0.608,0.6052168023067667,0.002783197693233319
3,2026-06-27 08:00:21,0.605,0.6089359367415169,0.003935936741516932
3,2026-06-27 12:00:43,0.62,0.6038122978599405,0.01618770214005949
3,2026-06-27 16:00:00,0.619,0.6103632797155769,0.008636720284423083
3,2026-06-28 00:00:00,0.614,0.5928609435499651,0.021139056450034888
3,2026-06-28 08:00:00,0.591,0.6053473432734853,0.014347343273485302
3,2026-06-29 00:00:00,0.589,0.61547208983846,0.026472089838460056
4,2026-06-29 08:00:25,0.609,0.6095137557311168,0.0005137557311167829
4,2026-06-29 16:00:00,0.602,0.5981486925723426,0.00385130742765738
4,2026-06-30 00:00:00,0.61,0.6048455942216768,0.005154405778323157
4,2026-06-30 08:00:00,0.605,0.5945068021397105,0.01049319786028946
4,2026-06-30 16:00:00,0.594,0.6045736719961172,0.010573671996117251
4,2026-07-01 00:01:00,0.605,0.6027923785066354,0.00220762149336462
4,2026-07-01 08:00:30,0.601,0.6018904898323402,0.0008904898323401911
4,2026-07-01 16:00:00,0.605,0.6106975863433791,0.005697586343379135
4,2026-07-02 00:00:01,0.606,0.6049500470108202,0.0010499529891797588
4,2026-07-02 08:00:36,0.597,0.5997060206252051,0.0027060206252050856
4,2026-07-02 16:00:00,0.598,0.5895907194079804,0.008409280592019619
4,2026-07-02 20:00:00,0.574,0.6004901466722953,0.026490146672295323
4,2026-07-03 03:00:00,0.506,0.6104978449407779,0.10449784494077785
4,2026-07-03 04:02:47,0.526,0.609810429176115,0.08381042917611503
4,2026-07-03 08:00:55,0.514,0.6022933556620874,0.0882933556620874
4,2026-07-03 10:00:00,0.598,0.6147407442575414,0.016740744257541462
4,2026-07-03 12:00:00,0.658,0.6307353305871263,0.027264669412873754
4,2026-07-03 14:00:00,0.62,0.6230917716345709,0.0030917716345708612
4,2026-07-03 16:00:00,0.62,0.6207737927399147,0.000773792739914736
4,2026-07-03 20:00:00,0.621,0.609535415806683,0.011464584193316973
4,2026-07-03 22:00:00,0.63,0.6114398909774879,0.01856010902251215
4,2026-07-04 00:00:00,0.59,0.6021534640055539,0.012153464005553949
4,2026-07-04 02:00:00,0.578,0.6003408432424943,0.0223408432424943
4,2026-07-04 04:00:00,0.575,0.6044601601450545,0.029460160145054592
4,2026-07-04 06:00:26,0.569,0.604294652326674,0.03529465232667406
4,2026-07-04 08:00:48,0.561,0.5988409429752294,0.03784094297522933
4,2026-07-04 11:00:28,0.576,0.6043272274786632,0.02832722747866323
4,2026-07-04 12:00:33,0.574,0.6047863681080307,0.030786368108030704
4,2026-07-04 14:00:19,0.574,0.6053646035462867,0.031364603546286784
4,2026-07-04 16:00:00,0.58,0.6058196027485998,0.025819602748599846
4,2026-07-04 18:00:00,0.567,0.6060724444559613,0.039072444455961364
4,2026-07-04 20:00:00,0.585,0.6056345693858025,0.020634569385802548
4,2026-07-04 22:00:00,0.584,0.6033292598490354,0.01932925984903544
4,2026-07-05 02:00:00,0.602,0.6052695530321318,0.0032695530321318333
4,2026-07-05 04:00:00,0.596,0.6027091302065463,0.006709130206546288
4,2026-07-05 08:00:00,0.61,0.6025254539327956,0.007474546067204435
4,2026-07-05 10:00:00,0.598,0.6019955940666983,0.00399559406669836
4,2026-07-05 12:00:00,0.586,0.6026037630457474,0.0166037630457474
4,2026-07-05 14:00:00,0.574,0.6004435549412076,0.026443554941207648
4,2026-07-05 16:00:00,0.548,0.6025035886705156,0.054503588670515524
4,2026-07-05 18:00:00,0.569,0.6031174308012145,0.03411743080121454
4,2026-07-05 20:00:00,0.575,0.5969867043038841,0.021986704303884164
4,2026-07-06 00:00:00,0.576,0.6007917210156675,0.02479172101566751
4,2026-07-06 02:00:00,0.582,0.6014552302550878,0.019455230255087885
4,2026-07-06 04:00:00,0.582,0.6034030381769157,0.02140303817691569
4,2026-07-06 06:00:49,0.586,0.6052790709230712,0.01927907092307124
4,2026-07-06 08:00:48,0.597,0.6047028036790685,0.007702803679068504
4,2026-07-06 10:00:06,0.592,0.6011076478615411,0.009107647861541168
4,2026-07-06 12:00:44,0.598,0.6037179405451585,0.005717940545158506
4,2026-07-06 14:00:00,0.596,0.6048398810309995,0.00883988103099953
4,2026-07-06 16:00:00,0.594,0.6059315160177221,0.011931516017722132
4,2026-07-06 18:00:00,0.599,0.6039652202089798,0.004965220208979826
4,2026-07-06 20:00:00,0.598,0.6058714425950207,0.007871442595020706
4,2026-07-06 22:00:00,0.595,0.6045809633850673,0.00958096338506731
4,2026-07-07 00:00:00,0.603,0.6026617288934234,0.000338271106576582
4,2026-07-07 02:00:00,0.598,0.6024043140879374,0.0044043140879374
4,2026-07-07 04:00:00,0.592,0.6005522372799322,0.008552237279932262
4,2026-07-07 08:00:27,0.593,0.6041078476212365,0.01110784762123651
4,2026-07-07 10:00:30,0.586,0.6003856005364389,0.014385600536438892
4,2026-07-07 12:00:09,0.584,0.5986413399919359,0.014641339991935953
4,2026-07-07 14:00:00,0.586,0.6010983510393069,0.015098351039306901
4,2026-07-07 16:00:00,0.583,0.6030937211279682,0.020093721127968256
4,2026-07-07 18:00:00,0.586,0.6025263863266312,0.01652638632663128
4,2026-07-07 20:00:00,0.59,0.6046789580451332,0.014678958045133195
4,2026-07-07 22:00:00,0.591,0.6039780681814664,0.012978068181466407
4,2026-07-08 00:00:00,0.593,0.607804464653134,0.014804464653134009
4,2026-07-08 04:00:00,0.611,0.607715764836617,0.0032842351633829425
4,2026-07-08 06:00:00,0.606,0.6096798900898331,0.00367989008983316
4,2026-07-08 08:00:00,0.608,0.6095946660025099,0.0015946660025099035
4,2026-07-08 12:00:00,0.606,0.604202393312985,0.0017976066870150076
4,2026-07-08 16:00:00,0.614,0.6053163716126648,0.008683628387335163
4,2026-07-09 00:00:00,0.608,0.6118281752052629,0.003828175205262907
4,2026-07-09 08:00:20,0.61,0.6057386276620343,0.004261372337965641
4,2026-07-09 16:00:00,0.607,0.6059596488373542,0.0010403511626457806
4,2026-07-10 00:01:00,0.607,0.6042538842163416,0.002746115783658354
4,2026-07-10 04:00:00,0.61,0.6034704492859011,0.006529550714098886
5,2026-07-10 08:00:09,0.601,0.5987989224357071,0.002201077564292886
5,2026-07-10 16:00:00,0.607,0.6012368829628323,0.005763117037167698
5,2026-07-11 00:00:00,0.609,0.6071449266611997,0.001855073338800306
5,2026-07-11 08:01:01,0.592,0.6073874536186417,0.015387453618641689
5,2026-07-11 16:00:00,0.601,0.6079041915165286,0.006904191516528657
5,2026-07-12 00:00:00,0.597,0.6075711658855169,0.010571165885516876
5,2026-07-12 08:00:00,0.596,0.6081118334795599,0.012111833479559908
5,2026-07-12 16:00:00,0.604,0.6104193324464035,0.0064193324464034696
5,2026-07-13 00:00:01,0.613,0.6069095205169589,0.006090479483041089
5,2026-07-13 08:00:32,0.599,0.6098203552174732,0.010820355217473265
5,2026-07-13 16:00:00,0.596,0.6260876737910839,0.030087673791083902
5,2026-07-14 00:00:00,0.6,0.6036844865916513,0.003684486591651326
5,2026-07-14 08:00:25,0.6,0.6079252817606687,0.007925281760668756
5,2026-07-14 16:00:00,0.582,0.5986155292887446,0.016615529288744657
5,2026-07-15 00:00:00,0.594,0.602465963191816,0.008465963191816028
5,2026-07-15 08:00:53,0.598,0.5995437064287049,0.0015437064287049385
5,2026-07-15 16:00:00,0.602,0.6063580795785903,0.004358079578590357
5,2026-07-16 00:00:00,0.606,0.6055551534822555,0.00044484651774445716
5,2026-07-16 08:00:31,0.595,0.6112577075725695,0.016257707572569502
5,2026-07-16 16:00:00,0.612,0.5981862356479845,0.013813764352015534
5,2026-07-17 00:01:00,0.602,0.610026567950949,0.008026567950949026
5,2026-07-17 08:00:50,0.6,0.6081793708089098,0.008179370808909847
5,2026-07-17 16:00:00,0.599,0.6007709033437789,0.00177090334377894
5,2026-07-17 20:00:00,0.59,0.59996359120531,0.009963591205309985
5,2026-07-18 00:00:01,0.589,0.6000281147776446,0.011028114777644649
5,2026-07-18 08:00:54,0.581,0.5990794252343868,0.01807942523438688
5,2026-07-18 16:00:00,0.588,0.599649009715878,0.011649009715878011
5,2026-07-19 00:00:00,0.594,0.6064290956062859,0.012429095606285911
5,2026-07-19 08:00:00,0.595,0.5991679101549766,0.0041679101549766395
5,2026-07-19 12:00:00,0.587,0.5972453020989343,0.010245302098934372
5,2026-07-19 16:00:00,0.596,0.6044719120763755,0.008471912076375543
5,2026-07-20 00:00:00,0.6,0.6015805468071058,0.0015805468071058426
5,2026-07-20 08:00:13,0.593,0.6021177941543703,0.009117794154370307
5,2026-07-21 00:00:01,0.602,0.6011862981312209,0.0008137018687790487
5,2026-07-21 08:00:44,0.596,0.6086661542087193,0.012666154208719305
5,2026-07-21 16:00:00,0.596,0.6027753037481937,0.006775303748193684
5,2026-07-22 00:00:00,0.593,0.6027576183054454,0.009757618305445415
5,2026-07-22 08:00:57,0.606,0.6043944322910146,0.0016055677089853448
5,2026-07-22 16:00:00,0.601,0.6105863551573106,0.009586355157310655
5,2026-07-23 00:00:00,0.595,0.6054925997474098,0.010492599747409792
5,2026-07-23 08:00:09,0.602,0.5997213056891666,0.0022786943108333846
5,2026-07-23 16:00:00,0.605,0.6087855085471782,0.0037855085471781846
5,2026-07-24 00:00:00,0.603,0.6043441724619729,0.0013441724619729367
5,2026-07-24 08:00:29,0.604,0.6069617575521281,0.0029617575521281303
5,2026-07-24 16:00:00,0.604,0.6018133802846112,0.0021866197153888045
5,2026-07-25 00:10:00,0.6,0.5994057265902771,0.0005942734097228453
5,2026-07-25 08:00:00,0.592,0.5961755693370471,0.0041755693370471025
5,2026-07-25 16:00:00,0.592,0.5996034640105843,0.007603464010584315
5,2026-07-26 00:00:01,0.58,0.6000915711838068,0.02009157118380689
5,2026-07-26 08:00:00,0.604,0.5994709544273233,0.004529045572676638
5,2026-07-26 16:00:00,0.609,0.5991579355291112,0.009842064470888756
5,2026-07-27 00:00:00,0.605,0.6042205066473977,0.0007794933526023007
5,2026-07-27 08:00:31,0.611,0.6006952149627026,0.01030478503729737
5,2026-07-27 16:00:00,0.598,0.6000522834884526,0.0020522834884526553
5,2026-07-28 00:00:00,0.613,0.5980744881592125,0.014925511840787498
5,2026-07-28 08:00:47,0.597,0.598881226099933,0.00188122609993302
5,2026-07-28 16:00:00,0.611,0.5998132994412356,0.011186700558764362
5,2026-07-29 00:01:00,0.601,0.5968848799535343,0.004115120046465637
5,2026-07-29 08:00:00,0.587,0.5978350186129533,0.010835018612953329
5,2026-07-29 16:00:00,0.604,0.6059777846811926,0.0019777846811925848
5,2026-07-30 00:01:00,0.598,0.6073507946345376,0.009350794634537585
5,2026-07-30 08:00:22,0.598,0.6079956782982224,0.009995678298222455
5,2026-07-30 16:00:00,0.6,0.6066996801338251,0.006699680133825159
5,2026-07-31 00:00:00,0.587,0.5967405578652728,0.009740557865272836
5,2026-07-31 08:00:36,0.592,0.6025637721267515,0.010563772126751525
5,2026-07-31 16:00:00,0.599,0.6072039576817815,0.008203957681781504
5,2026-08-01 00:00:00,0.595,0.5994025621653288,0.0044025621653288605
5,2026-08-01 08:00:21,0.596,0.5983429055101083,0.002342905510108295
5,2026-08-01 16:00:00,0.613,0.605309433643215,0.007690566356785
5,2026-08-02 00:01:00,0.602,0.6069262681743409,0.004926268174340942
5,2026-08-02 08:00:00,0.606,0.6076492080569441,0.0016492080569441292
5,2026-08-02 16:00:00,0.614,0.6017136011584978,0.012286398841502177
5,2026-08-03 00:00:01,0.611,0.5984284721647379,0.012571527835262053
5,2026-08-03 08:00:06,0.591,0.6036107345556453,0.01261073455564532
5,2026-08-03 16:00:00,0.587,0.5964218064702764,0.009421806470276461
5,2026-08-04 00:00:00,0.592,0.603708673100097,0.011708673100097045
