LAB_TIMESTAMP,V93_PRED_IV,IV_TARGET,V93_ABS_ERROR,PRED_DELTA,PRED_SLOPE_PER_HR,EXCESSIVE_PRED_JUMP,PRED_VOLATILITY_3PT
2026-08-04 08:00:01,0.6004452798585862,0.59,0.010445279858586232,,,False,
2026-08-04 16:00:00,0.6023641864791295,0.61,0.007635813520870505,0.0019189066205432814,0.00023987165644487007,False,
2026-08-05 00:00:00,0.5994639805281995,0.6,0.0005360194718004863,-0.0029002059509299905,-0.0003625257438662488,False,0.0034076271785900914
2026-08-05 08:00:58,0.5984508745812968,0.601,0.002549125418703224,-0.001013105946902737,-0.00012638372059220503,False,0.0024283633067491085
2026-08-05 16:00:00,0.6007243123996784,0.592,0.008724312399678413,0.0022734378183816295,0.00028475318858026116,False,0.0026181770438629673
2026-08-06 00:00:01,0.6103729974279934,0.614,0.0036270025720065435,0.009648685028315063,0.0012060437520202156,True,0.005459997376800288
2026-08-06 08:00:16,0.6014468733271173,0.596,0.005446873327117352,-0.00892612410087612,-0.0011151846872515716,True,0.009352789180923547
2026-08-06 16:00:00,0.5995935115596976,0.588,0.011593511559697678,-0.0018533617674196812,-0.00023179899814865384,False,0.009375007392910117
2026-08-07 00:01:00,0.5920302539005502,0.594,0.001969746099449776,-0.007563257659147449,-0.0009434417038437565,False,0.003752427726550726
2026-08-07 08:00:08,0.603327051109041,0.594,0.009327051109040974,0.01129679720849075,0.0014146538872466502,True,0.00967153264135189
2026-08-07 16:00:00,0.5954399431946003,0.606,0.010560056805399731,-0.007887107914440694,-0.0009861624233115623,False,0.010983538928504268
2026-08-08 00:00:00,0.5970554541777716,0.598,0.0009445458222283598,0.0016155109831713643,0.00020193887289642054,False,0.00959209122711212
2026-08-08 08:00:00,0.5992873559391759,0.599,0.00028735593917594837,0.002231901761404309,0.00027898772017553863,False,0.005672654586179046
2026-08-08 16:00:00,0.603029628697209,0.59,0.013029628697209028,0.0037422727580330717,0.00046778409475413396,False,0.0010942481274038172
2026-08-09 00:00:00,0.6022470768213041,0.604,0.0017529231786959087,-0.0007825518759049244,-9.781898448811555e-05,False,0.0023036995336066153
2026-08-09 08:00:00,0.6080649760797986,0.611,0.002935023920201396,0.005817899258494519,0.0007272374073118149,False,0.0033751103318979195
2026-08-09 16:00:00,0.5965823793323126,0.613,0.01641762066768737,-0.011482596747485974,-0.0014353245934357467,True,0.0087308273518263
2026-08-10 00:01:00,0.5948952611488953,0.602,0.0071047388511046305,-0.0016871181834172688,-0.00021045133265080275,False,0.008675481246550307
2026-08-10 08:00:38,0.5952317390845723,0.607,0.011768260915427708,0.0003364779356769265,4.209189549089358e-05,False,0.006321087299910312
2026-08-10 16:00:00,0.6021472414189507,0.609,0.006852758581049279,0.006915502334378432,0.0008655798763563852,False,0.004497843614168943
2026-08-11 00:00:01,0.6045277077351844,0.61,0.005472292264815604,0.002380466316233676,0.00029754795800288996,False,0.003367194733118123
2026-08-11 08:00:00,0.5991706741803976,0.595,0.004170674180397627,-0.005357033554786783,-0.0006696524461693954,False,0.006205516270367301
2026-08-11 16:00:00,0.6013610843186605,0.59,0.011361084318660564,0.0021904101382629326,0.0002738012672828666,False,0.00441340631682948
2026-08-12 00:00:00,0.6020465070272841,0.611,0.00895349297271586,0.0006854227086235953,8.567783857794942e-05,False,0.003994583231459728
2026-08-12 08:00:01,0.6036364798197444,0.6,0.0036364798197444648,0.0015899727924603146,0.00019873969837356804,False,0.000757597411093743
2026-08-12 16:00:00,0.6015082073298285,0.607,0.005491792670171525,-0.0021282724899159833,-0.00026604329885404144,False,0.00193909083096379
2026-08-13 00:00:00,0.5985196635926395,0.598,0.0005196635926395521,-0.002988543737188931,-0.0003735679671486164,False,0.002433386810293742
2026-08-13 08:00:00,0.600501402818102,0.59,0.010501402818102079,0.00198173922546252,0.000247717403182815,False,0.0026563124705832387
2026-08-13 16:00:00,0.5976414793638555,0.589,0.008641479363855509,-0.0028599234542465712,-0.0003574904317808214,False,0.00283319470474866
2026-08-14 08:00:00,0.6020967491041694,0.595,0.007096749104169464,0.004455269740313961,0.00027845435876962255,False,0.0037209340714784126
2026-08-14 16:00:00,0.6051459700258284,0.595,0.010145970025828399,0.003049220921658935,0.0003811526152073669,False,0.0038817309714756832
2026-08-15 00:01:00,0.6015032674940726,0.594,0.007503267494072596,-0.0036427025317558037,-0.0004543911682023871,False,0.004326969064407053
2026-08-15 08:00:47,0.5990138767085882,0.596,0.0030138767085882145,-0.00248939078548438,-0.00031131437203403507,False,0.0035774336036921454
2026-08-15 16:00:00,0.5993571807011034,0.588,0.011357180701103475,0.0003433039925152537,4.2983145169370616e-05,False,0.0020511190320133886
2026-08-16 00:01:00,0.596892297854575,0.588,0.008892297854575015,-0.00246488284652846,-0.0003074697937457538,False,0.0016284283664194106
2026-08-16 08:00:00,0.6021071851552995,0.594,0.008107185155299512,0.005214887300724502,0.0006532217913224846,False,0.003885809799051732
2026-08-16 16:00:00,0.5947349000160749,0.594,0.000734900016074902,-0.00737228513922461,-0.0009215356424030763,False,0.006344267449306913
2026-08-17 00:00:00,0.5984108545566441,0.595,0.0034108545566441384,0.0036759545405692373,0.00045949431757115466,False,0.0068662073968028935
2026-08-17 08:00:43,0.5951124221927829,0.592,0.00311242219278296,-0.003298432363861181,-0.0004116893703810371,False,0.005587216795957804
2026-08-17 16:00:00,0.6055163442605154,0.603,0.0025163442605153907,0.01040392206773244,0.0013024348660791037,True,0.006851546500708995
2026-08-18 00:01:00,0.5932373587698789,0.602,0.008762641230121049,-0.01227898549063644,-0.0015316821817841712,True,0.01142306983501191
2026-08-18 08:00:00,0.6052644223099347,0.603,0.0022644223099347327,0.012027063540055782,0.0015065215290257766,True,0.013588799941024337
2026-08-18 16:00:00,0.5962172158391501,0.593,0.0032172158391501338,-0.009047206470784608,-0.001130900808848076,True,0.013199452460900131
2026-08-19 00:00:01,0.601178651545691,0.611,0.009821348454309042,0.00496143570654084,0.0006201579300561448,False,0.010726058679868457
2026-08-19 08:00:19,0.6055299115415227,0.605,0.0005299115415227096,0.004351259995831747,0.0005435677696229539,False,0.007917630892585266
2026-08-19 16:00:00,0.5978555711084004,0.603,0.005144428891599606,-0.0076743404331223175,-0.0009599258385476648,False,0.007125660422333731
2026-08-20 00:00:00,0.6005432280394454,0.597,0.0035432280394454008,0.0026876569310450016,0.0003359571163806252,False,0.006516052360760542
2026-08-20 08:00:58,0.6038176029111152,0.608,0.004182397088884793,0.0032743748716698162,0.0004084742372309702,False,0.006158863452270106
2026-08-20 16:00:00,0.6122690370395373,0.609,0.0032690370395372925,0.008451434128422086,0.0010585610904710705,True,0.0031719423090271538
2026-08-21 00:00:00,0.6049844495677904,0.609,0.00401555043220958,-0.007284587471746873,-0.0009105734339683591,False,0.008019933542104113
2026-08-21 08:00:00,0.5987134078395968,0.6,0.001286592160403166,-0.006271041728193594,-0.0007838802160241992,False,0.008807202981309204
2026-08-21 16:00:00,0.6020775134740683,0.598,0.004077513474068373,0.003364105634471537,0.0004205132043089421,False,0.005877329389909602
2026-08-22 00:00:01,0.606768231767155,0.613,0.006231768232844992,0.004690718293086649,0.0005863194283223477,False,0.005982699343529477
2026-08-22 08:00:09,0.6043153968781403,0.611,0.0066846031218597,-0.00245283488901471,-0.0003065192168999221,False,0.0037997160039772364
2026-08-22 16:00:00,0.6035841082702507,0.589,0.014584108270250695,-0.0007312886078896241,-9.143965087710211e-05,False,0.00372809675522243
2026-08-23 00:01:00,0.6060205028634379,0.592,0.014020502863437923,0.00243639459318723,0.0003039161654703405,False,0.0024800034741263447
2026-08-23 08:00:00,0.6064285884583053,0.596,0.010428588458305299,0.00040808559486738005,5.111719351157161e-05,False,0.0016044951349753606
2026-08-23 16:00:00,0.6066327924819209,0.599,0.007632792481920947,0.0002042040236156506,2.5525502951956325e-05,False,0.0012341177568507057
2026-08-24 00:00:00,0.6069042927300939,0.608,0.0010957072699060433,0.00027150024817301777,3.393753102162722e-05,False,0.00010388457847296545
2026-08-24 08:00:26,0.6061013289474712,0.606,0.00010132894747116872,-0.0008029637826227898,-0.00010027994232436147,False,0.0006018566724778233
2026-08-24 16:00:00,0.6071146279349161,0.604,0.0031146279349161254,0.001013298987444955,0.0001267768247307235,False,0.0009131948288831208
2026-08-25 00:00:00,0.6052765517000207,0.599,0.006276551700020727,-0.0018380762348954027,-0.00022975952936192534,False,0.001443410827251443
2026-08-25 08:00:48,0.6068786079936972,0.606,0.0008786079936972113,0.0016020562936764904,0.00019992383032568515,False,0.0018399043289600526
2026-08-25 16:00:00,0.608776893576945,0.61,0.0012231064230550093,0.001898285583247783,0.00023768183429646698,False,0.002076963458281355
2026-08-26 00:01:00,0.6044322852609094,0.604,0.0004322852609094374,-0.004344608316035559,-0.0005419469832892588,False,0.0035219382923354038
2026-08-26 08:00:00,0.5981591287193491,0.609,0.010840871280650921,-0.006273156541560354,-0.0007857816127215475,False,0.0042713286163864874
2026-08-26 16:00:00,0.6137446472974512,0.609,0.0047446472974511655,0.015585518578102087,0.0019481898222627608,True,0.012101865794589644
2026-08-27 00:00:01,0.6093371826421848,0.612,0.0026628173578151504,-0.004407464655266313,-0.0005509139529515895,False,0.012117493296685327
2026-08-27 08:00:09,0.6066281076297189,0.611,0.004371892370281127,-0.002709075012465978,-0.00033854033757558735,False,0.011085245904599014
2026-08-27 16:00:00,0.6047180587229394,0.606,0.0012819412770606053,-0.0019100489067794824,-0.00023883074795617162,False,0.001275412058717349
2026-08-28 00:00:00,0.6063190915895335,0.609,0.0026809084104665315,0.0016010328665940765,0.00020012910832425956,False,0.0022928573100689546
2026-08-28 08:00:13,0.6008263324894852,0.606,0.0051736675105147345,-0.005492759100048206,-0.0006862851060345518,False,0.003546956254176858
2026-08-28 16:00:00,0.6088090099312141,0.606,0.0028090099312141348,0.00798267744172887,0.0009982852951062608,False,0.006740853827481187
2026-08-29 00:00:00,0.6102086314087896,0.603,0.007208631408789579,0.0013996214775754412,0.00017495268469693015,False,0.006738309949404232
2026-08-29 08:00:30,0.6090306833827882,0.597,0.012030683382788232,-0.001177948026001352,-0.00014709028420412305,False,0.004724008702591696
2026-08-29 16:00:00,0.612038290832222,0.604,0.008038290832222073,0.0030076074494338467,0.00037634295509078375,False,0.0021114117737273904
2026-08-30 00:00:01,0.6085881303521639,0.613,0.004411869647836131,-0.0034501604800581953,-0.0004312550858723483,False,0.003275784656777982
2026-08-30 08:00:00,0.6095945913545834,0.614,0.004405408645416609,0.001006461002419523,0.00012581199377444645,False,0.003305773453915024
2026-08-30 16:00:00,0.6081890060860443,0.612,0.0038109939139556737,-0.0014055852685390668,-0.00017569815856738336,False,0.002230834300095121
2026-08-31 00:01:00,0.6090447263159194,0.601,0.00804472631591946,0.0008557202298751232,0.00010674264821727107,False,0.0013511842059782538
2026-08-31 08:00:36,0.6083562722008824,0.612,0.003643727799117591,-0.0006884541150370405,-8.612853816143126e-05,False,0.00115558456029593
2026-08-31 16:00:00,0.6103446607098488,0.604,0.006344660709848848,0.001988388508966432,0.00024885963816851465,False,0.0013436826430638371
