LAB_TIMESTAMP,MISSING_MODEL_FEATURES,PREDICTION_VALID
2026-08-04 08:00:01,0,True
2026-08-04 16:00:00,0,True
2026-08-05 00:00:00,0,True
2026-08-05 08:00:58,0,True
2026-08-05 16:00:00,0,True
2026-08-06 00:00:01,0,True
2026-08-06 08:00:16,0,True
2026-08-06 16:00:00,0,True
2026-08-07 00:01:00,0,True
2026-08-07 08:00:08,0,True
2026-08-07 16:00:00,0,True
2026-08-08 00:00:00,0,True
2026-08-08 08:00:00,0,True
2026-08-08 16:00:00,0,True
2026-08-09 00:00:00,0,True
2026-08-09 08:00:00,0,True
2026-08-09 16:00:00,0,True
2026-08-10 00:01:00,0,True
2026-08-10 08:00:38,0,True
2026-08-10 16:00:00,0,True
2026-08-11 00:00:01,0,True
2026-08-11 08:00:00,0,True
2026-08-11 16:00:00,0,True
2026-08-12 00:00:00,0,True
2026-08-12 08:00:01,0,True
2026-08-12 16:00:00,0,True
2026-08-13 00:00:00,0,True
2026-08-13 08:00:00,0,True
2026-08-13 16:00:00,0,True
2026-08-14 08:00:00,0,True
2026-08-14 16:00:00,0,True
2026-08-15 00:01:00,0,True
2026-08-15 08:00:47,0,True
2026-08-15 16:00:00,0,True
2026-08-16 00:01:00,0,True
2026-08-16 08:00:00,0,True
2026-08-16 16:00:00,0,True
2026-08-17 00:00:00,0,True
2026-08-17 08:00:43,0,True
2026-08-17 16:00:00,0,True
2026-08-18 00:01:00,0,True
2026-08-18 08:00:00,0,True
2026-08-18 16:00:00,0,True
2026-08-19 00:00:01,0,True
2026-08-19 08:00:19,0,True
2026-08-19 16:00:00,0,True
2026-08-20 00:00:00,0,True
2026-08-20 08:00:58,0,True
2026-08-20 16:00:00,0,True
2026-08-21 00:00:00,0,True
2026-08-21 08:00:00,0,True
2026-08-21 16:00:00,0,True
2026-08-22 00:00:01,0,True
2026-08-22 08:00:09,0,True
2026-08-22 16:00:00,0,True
2026-08-23 00:01:00,0,True
2026-08-23 08:00:00,0,True
2026-08-23 16:00:00,0,True
2026-08-24 00:00:00,0,True
2026-08-24 08:00:26,0,True
2026-08-24 16:00:00,0,True
2026-08-25 00:00:00,0,True
2026-08-25 08:00:48,0,True
2026-08-25 16:00:00,0,True
2026-08-26 00:01:00,0,True
2026-08-26 08:00:00,0,True
2026-08-26 16:00:00,0,True
2026-08-27 00:00:01,0,True
2026-08-27 08:00:09,0,True
2026-08-27 16:00:00,0,True
2026-08-28 00:00:00,0,True
2026-08-28 08:00:13,0,True
2026-08-28 16:00:00,0,True
2026-08-29 00:00:00,0,True
2026-08-29 08:00:30,0,True
2026-08-29 16:00:00,0,True
2026-08-30 00:00:01,0,True
2026-08-30 08:00:00,0,True
2026-08-30 16:00:00,0,True
2026-08-31 00:01:00,0,True
2026-08-31 08:00:36,0,True
2026-08-31 16:00:00,0,True
