FEATURE,IS_BASE_FEATURE,IS_ENGINEERED_FEATURE,DTYPE_AT_FREEZE,DEV_MISSING_COUNT
END30_IC-17013_MEAN,True,False,float64,0
END30_IC-17013_LAST,True,False,float64,0
RTWIN_IC-17013_LAST,True,False,float64,0
RTWIN_PIC-17024_MEAN,True,False,float64,0
RTWIN_TI-17020_DELTA,True,False,float64,0
RTWIN_LI-17017_MEAN,True,False,float64,0
RTWIN_PV-17024_MEAN,True,False,float64,0
END30_LI-17017_MEAN,True,False,float64,0
END30_LI-17017_LAST,True,False,float64,0
RTWIN_LI-17017_LAST,True,False,float64,0
END30_SIK-17028_DELTA,True,False,float64,0
END30_SIK-17028_SLOPE,True,False,float64,0
END30_PIC-17024_MEAN,True,False,float64,0
RTWIN_DRR_LEVEL_DIFFERENCE_MEAN,True,False,float64,0
RTWIN_IC-17013_SLOPE,True,False,float64,0
END30_DRR_AGITATOR_DIFF_LAST,True,False,float64,0
RTWIN_DRR_AGITATOR_DIFF_LAST,True,False,float64,0
RTWIN_IC-17013_MEAN,True,False,float64,0
END30_PIC-17024_LAST,True,False,float64,0
RTWIN_PIC-17024_LAST,True,False,float64,0
END30_DRR_AGITATOR_DIFF_MEAN,True,False,float64,0
END30_SIK-17015_MEAN,True,False,float64,0
END30_SIK-17015_LAST,True,False,float64,0
RTWIN_SIK-17015_LAST,True,False,float64,0
END30_PV-17024_MEAN,True,False,float64,0
RTWIN_IC-17013_DELTA,True,False,float64,0
RTWIN_DRR_AGITATOR_DIFF_MEAN,True,False,float64,0
RTWIN_SIK-17015_MEAN,True,False,float64,0
RTWIN_TI-17020_SLOPE,True,False,float64,0
END30_DRR_LEVEL_DIFFERENCE_MEAN,True,False,float64,0
END30_PV-17024_LAST,True,False,float64,0
RTWIN_PV-17024_LAST,True,False,float64,0
END30_DRR_LEVEL_DIFFERENCE_LAST,True,False,float64,0
RTWIN_DRR_LEVEL_DIFFERENCE_LAST,True,False,float64,0
END30_PIC-14005_LAST,True,False,float64,0
RTWIN_PIC-14005_LAST,True,False,float64,0
END30_PIC-14005_MEAN,True,False,float64,0
RTWIN_TPD_DELTA,True,False,float64,0
RTWIN_TI-17022_DELTA,True,False,float64,0
END30_TIC-15005_SLOPE,True,False,float64,0
V93_STATE_SHIFT_IC-17013,False,True,float64,0
V93_STATE_SHIFT_PIC-15024,False,True,float64,0
V93_STATE_SHIFT_TIC-13012,False,True,float64,0
V93_STATE_SHIFT_TPD,False,True,float64,0
V93_STATE_SHIFT_TI-17020,False,True,float64,0
V93_STATE_SHIFT_PIC-12013,False,True,float64,0
V93_ROBUST_STATE_SHIFT_IC-17013,False,True,float64,0
V93_ROBUST_STATE_SHIFT_PIC-15024,False,True,float64,0
V93_ROBUST_STATE_SHIFT_TIC-13012,False,True,float64,0
V93_ROBUST_STATE_SHIFT_TPD,False,True,float64,0
V93_ROBUST_STATE_SHIFT_TI-17020,False,True,float64,0
V93_ROBUST_STATE_SHIFT_PIC-12013,False,True,float64,0
V93_PROCESS_TRANSITION_SCORE,False,True,float64,0
V93_MAX_TRANSITION_Z,False,True,float64,0
V93_N_HIGH_TRANSITIONS,False,True,float64,0
V93_FRACTION_HIGH_TRANSITIONS,False,True,float64,0
