FEATURE,MEDIAN,Q1,Q3,IQR
END30_IC-17013_MEAN,110.89514923095703,107.46439933776855,114.09562301635742,6.631223678588867
END30_IC-17013_LAST,110.92340087890625,107.49164962768555,114.04335021972656,6.551700592041016
RTWIN_IC-17013_LAST,110.92340087890625,107.49164962768555,114.04335021972656,6.551700592041016
RTWIN_PIC-17024_MEAN,0.6570436149030119,0.6009456466351237,0.7884564285507982,0.1875107819156745
RTWIN_TI-17020_DELTA,0.03338623046875,-0.34234619140625,0.453216552734375,0.795562744140625
RTWIN_LI-17017_MEAN,56.901993206569124,53.22507136576885,61.724367747231135,8.499296381462287
RTWIN_PV-17024_MEAN,47.63005469827091,45.680328889000684,51.004157572779164,5.32382868377848
END30_LI-17017_MEAN,57.598541259765625,53.29585361480713,61.74257469177246,8.446721076965332
END30_LI-17017_LAST,57.63050079345703,53.30731964111328,61.7491340637207,8.441814422607422
RTWIN_LI-17017_LAST,57.63050079345703,53.30731964111328,61.7491340637207,8.441814422607422
END30_SIK-17028_DELTA,8.106231689453125e-06,-5.6743621826171875e-05,8.630752563476562e-05,0.0001430511474609375
END30_SIK-17028_SLOPE,3.242492675528268e-05,-0.00022697448730588405,0.0003452301025364025,0.0005722045898422865
END30_PIC-17024_MEAN,0.6119744181632996,0.5984656661748886,0.7160670012235641,0.11760133504867554
RTWIN_DRR_LEVEL_DIFFERENCE_MEAN,22.721563847859702,21.064582257657438,26.188697931568242,5.124115673910804
RTWIN_IC-17013_SLOPE,0.0038595234518038327,-0.2726470287471173,0.2215515198094793,0.4941985485565966
END30_DRR_AGITATOR_DIFF_LAST,2.1972298622131348,1.595956563949585,2.200185537338257,0.6042289733886719
RTWIN_DRR_AGITATOR_DIFF_LAST,2.1972298622131348,1.595956563949585,2.200185537338257,0.6042289733886719
RTWIN_IC-17013_MEAN,110.85311106088999,108.01627638533309,113.56093258327908,5.544656197945997
END30_PIC-17024_LAST,0.6072145104408264,0.5980464816093445,0.7140507996082306,0.11600431799888611
RTWIN_PIC-17024_LAST,0.6072145104408264,0.5980464816093445,0.7140507996082306,0.11600431799888611
END30_DRR_AGITATOR_DIFF_MEAN,2.19730806350708,1.5960824489593506,2.200169324874878,0.6040868759155273
END30_SIK-17015_MEAN,6.594871520996094,5.969361424446106,6.600011467933655,0.6306500434875488
END30_SIK-17015_LAST,6.594851016998291,5.980780363082886,6.599971055984497,0.6191906929016113
RTWIN_SIK-17015_LAST,6.594851016998291,5.980780363082886,6.599971055984497,0.6191906929016113
END30_PV-17024_MEAN,46.77192497253418,45.01804256439209,50.018351554870605,5.000308990478516
RTWIN_IC-17013_DELTA,0.05280303955078125,-1.9132003784179688,1.6312255859375,3.5444259643554688
RTWIN_DRR_AGITATOR_DIFF_MEAN,2.1961571829659596,1.5970259537837777,2.200127803885543,0.6031018501017655
RTWIN_SIK-17015_MEAN,6.563586435819927,5.970939528765937,6.599838948521132,0.6288994197551947
RTWIN_TI-17020_SLOPE,0.004535047683660109,-0.05364709998435957,0.06260741216633772,0.11625451215069729
END30_DRR_LEVEL_DIFFERENCE_MEAN,23.02022933959961,21.03253746032715,26.922402381896973,5.889864921569824
END30_PV-17024_LAST,46.83169937133789,44.815744400024414,50.17621994018555,5.360475540161133
RTWIN_PV-17024_LAST,46.83169937133789,44.815744400024414,50.17621994018555,5.360475540161133
END30_DRR_LEVEL_DIFFERENCE_LAST,22.970077514648438,20.96530055999756,26.76508617401123,5.799785614013672
RTWIN_DRR_LEVEL_DIFFERENCE_LAST,22.970077514648438,20.96530055999756,26.76508617401123,5.799785614013672
END30_PIC-14005_LAST,107.91470336914062,100.28919982910156,110.2636489868164,9.974449157714844
RTWIN_PIC-14005_LAST,107.91470336914062,100.28919982910156,110.2636489868164,9.974449157714844
END30_PIC-14005_MEAN,108.2641487121582,100.19247436523438,110.2094497680664,10.016975402832031
RTWIN_TPD_DELTA,0.23516845703125,-2.098785400390625,5.935638427734375,8.034423828125
RTWIN_TI-17022_DELTA,0.048797607421875,-0.471710205078125,0.64361572265625,1.115325927734375
END30_TIC-15005_SLOPE,-0.002319335937719971,-0.15234375000008174,0.15002441406234712,0.30236816406242883
V93_STATE_SHIFT_IC-17013,-0.008948275917461501,-1.117345771510088,0.9467568347678395,2.0641026062779275
V93_STATE_SHIFT_PIC-15024,-0.0524749755859375,-0.2942254997946483,0.08137407946208164,0.37559957925672993
V93_STATE_SHIFT_TIC-13012,-0.045126664011093,-0.3002553830991701,0.16467021437489393,0.46492559747406403
V93_STATE_SHIFT_TPD,0.3104544974662531,-0.8959278160853614,3.346613800831335,4.2425416169166965
V93_STATE_SHIFT_TI-17020,0.024417453342039153,-0.17440927835335174,0.21080474368338287,0.3852140220367346
V93_STATE_SHIFT_PIC-12013,-0.00016279956873721524,-0.003302193136749121,0.0027598836592265807,0.006062076795975702
V93_ROBUST_STATE_SHIFT_IC-17013,0.0,-0.536987595588251,0.463012404411749,1.0
V93_ROBUST_STATE_SHIFT_PIC-15024,0.0,-0.6436389643649452,0.35636103563505483,1.0
V93_ROBUST_STATE_SHIFT_TIC-13012,0.0,-0.5487517152726991,0.4512482847273009,1.0
V93_ROBUST_STATE_SHIFT_TPD,0.0,-0.2843536781681268,0.7156463218318732,1.0
V93_ROBUST_STATE_SHIFT_TI-17020,0.0,-0.5161461429782286,0.48385385702177147,1.0
V93_ROBUST_STATE_SHIFT_PIC-12013,0.0,-0.5178742654820847,0.48212573451791535,1.0
V93_PROCESS_TRANSITION_SCORE,0.7558024833251622,0.41204106563390364,1.2372379376582343,0.8251968720243307
V93_MAX_TRANSITION_Z,1.770430869902785,0.8984186621340486,3.7931553889605123,2.894736726826464
V93_N_HIGH_TRANSITIONS,1.0,0.0,3.0,3.0
V93_FRACTION_HIGH_TRANSITIONS,0.16666666666666666,0.0,0.5,0.5
